depth_max,largest_force_drop_size,curve_first_quarter_slope,force_mean,rsquared
1.0,0.41766950627025323,-0.5747195749729215,-0.5946811409634899,-0.2759898952328064
0.41766950627025323,1.0,-0.24856878666696033,-0.23768156458123058,-0.6952116394768282
-0.5747195749729215,-0.24856878666696033,1.0,0.632648322004156,0.21441660265772458
-0.5946811409634899,-0.23768156458123058,0.632648322004156,1.0,0.36834606282940185
-0.2759898952328064,-0.6952116394768282,0.21441660265772458,0.36834606282940185,1.0
