depth_max,largest_force_drop_size,curve_first_quarter_slope,force_mean,rsquared
1.0,0.4176695062702534,-0.5747195749729218,-0.5946811409634899,-0.2759898952328066
0.4176695062702534,1.0,-0.24856878666696047,-0.23768156458123058,-0.6952116394768278
-0.5747195749729218,-0.24856878666696047,1.0,0.6326483220041562,0.2144166026577247
-0.5946811409634899,-0.23768156458123058,0.6326483220041562,1.0,0.36834606282940174
-0.2759898952328066,-0.6952116394768278,0.2144166026577247,0.36834606282940174,1.0
