max_depth,max_resistance,num_peaks,largest_force_drop_dep,largest_force_drop_res,curve_shape
1.0,-0.706191246421597,0.5527619103588187,0.4612442965096511,-0.32107388007765536,-0.07413040513355419
-0.706191246421597,1.0,-0.48588739399637343,-0.334770951185998,0.3761024739067365,-0.03453859189825745
0.5527619103588187,-0.48588739399637343,1.0,0.1420449179481852,-0.2667337506093334,0.018789723600357265
0.4612442965096511,-0.334770951185998,0.1420449179481852,1.0,0.3336132471969231,0.21290703861997656
-0.32107388007765536,0.3761024739067365,-0.2667337506093334,0.3336132471969231,1.0,0.4060888346405908
-0.07413040513355419,-0.03453859189825745,0.018789723600357265,0.21290703861997656,0.4060888346405908,1.0
